code,isUsed,usedForPosterId,usedAt
22CP3W,false,,
23UFXL,false,,
26YWMM,false,,
2AJE6X,false,,
2DHCH2,false,,
2FPQQQ,false,,
2FQ29M,false,,
2J53N7,false,,
2KWZRD,false,,
2MR8PN,false,,
2W63LB,false,,
2WNWLW,false,,
2ZU5DD,false,,
349E6B,false,,
34AMVK,false,,
3CSQF8,false,,
3FC4PH,false,,
3NFKDR,false,,
3NNCQE,false,,
3QB95C,false,,
3QFG73,false,,
3SHXJ8,false,,
3V3VCL,false,,
3XQC6T,false,,
4D2RGZ,false,,
4DMJLH,false,,
4JZQ9K,false,,
4LAF7C,false,,
4MDNEN,false,,
4NFZRM,false,,
4SRKPH,false,,
52EJ7S,false,,
585SC8,false,,
5DKSHY,false,,
5GCSMA,false,,
5JRHXR,false,,
5KHSND,false,,
5QA4XC,false,,
5RHGYE,false,,
5T77K8,false,,
5UMCD4,false,,
64Y6VA,false,,
66699W,false,,
675C44,false,,
675PKS,false,,
678948,false,,
67GHMN,false,,
67VD54,false,,
6DRT5E,false,,
6KRTTN,false,,
6SDV4S,false,,
6UD9Y4,false,,
6UUCSJ,false,,
6XLXG3,false,,
747DSB,false,,
7757JA,false,,
7CMECR,false,,
7KS6GN,false,,
7RJFXY,false,,
7TZG75,false,,
7U3ZDY,false,,
7UP3UZ,false,,
7ZKGLM,false,,
83D82A,false,,
88T542,false,,
8BRB2K,false,,
8JD6EX,false,,
8K969L,false,,
8MNKVE,false,,
8MZC3F,false,,
8TW6WM,false,,
922YWU,false,,
92JZX5,false,,
93MQXL,false,,
93XQ2R,false,,
945YFA,false,,
9935SA,false,,
9DFB78,false,,
9JGDF9,false,,
9P4EX6,false,,
9PHJHN,false,,
9TPKNX,false,,
9U6UDD,false,,
9UDNDV,false,,
9WE83T,false,,
A747WX,false,,
A97KUG,false,,
AAK7LV,false,,
AELUFX,false,,
AJZ8S7,false,,
AK7DKB,false,,
ALAVTS,false,,
ALPDL7,false,,
ANBHU5,false,,
ANVSH8,false,,
APWTDL,false,,
AQ89LL,false,,
ARFFDK,false,,
ATQKG8,false,,
AUGCPQ,false,,
AWRYFF,false,,
AXSRF5,false,,
B2V2CB,false,,
B6HQDT,false,,
BCJT62,false,,
BNMV2F,false,,
BPWVA6,false,,
BS55M4,false,,
BTH6V9,false,,
BTHGGM,false,,
BXRCTR,false,,
BZ5CPW,false,,
C2HNN8,false,,
C34NVT,false,,
C3VAQW,false,,
C4WRUR,false,,
C59J2R,false,,
CBNMU8,false,,
CD2DFL,false,,
CKRD4Q,false,,
CLW43F,false,,
CMMG3U,false,,
CMUEPC,false,,
CN8MVK,false,,
CP28US,false,,
CTEEJ2,false,,
D7RSLJ,false,,
DERVTF,false,,
DFABCK,false,,
DFVDJU,false,,
DJV4FV,false,,
DLGL83,false,,
DLP46H,false,,
DRM6PV,false,,
DSTNRF,false,,
E4FLD6,false,,
E5SVE6,false,,
EB6DNS,false,,
ECY4BG,false,,
EKJG8X,false,,
ERAV8J,false,,
ES3XNY,false,,
EUX3TE,false,,
EWLJ67,false,,
F44RMX,false,,
FD7DRN,false,,
FDW36A,false,,
FULW7A,false,,
FV7WTX,false,,
FXQCJA,false,,
FZ3GYD,false,,
FZ5SYM,false,,
FZCCTV,false,,
G5DRG6,false,,
G5VE55,false,,
G6V8XQ,false,,
GCDE96,false,,
GEKN26,false,,
GF5CN5,false,,
GGX3PH,false,,
GL5QRE,false,,
GMEFML,false,,
GZ7EB8,false,,
H5F3CS,false,,
H7GACW,false,,
H9DF58,false,,
HDSPK2,false,,
HE8WL8,false,,
HFBSA6,false,,
HG87B5,false,,
HKPK6Y,false,,
HPJGDG,false,,
HQKB6B,false,,
HTVVYR,false,,
HWRAK3,false,,
HYPT6Y,false,,
J2E9BA,false,,
J92UYR,false,,
JAYBZE,false,,
JBSR7Z,false,,
JCXB27,false,,
JDJAGB,false,,
JE6STD,false,,
JHTWBD,false,,
JHXDGE,false,,
JPNF3K,false,,
JRDQZD,false,,
JV3BKS,false,,
JWJ2EV,false,,
JZZN47,false,,
K6M9KG,false,,
KT6XW2,false,,
KUTDSV,false,,
KVE6L8,false,,
KW4RN7,false,,
KXC93S,false,,
KYVD68,false,,
KZ9F7Q,false,,
L8AM9J,false,,
LBZAC3,false,,
LBZL7E,false,,
LK92QN,false,,
LPU22H,false,,
LSHPV9,false,,
M2475T,false,,
MBFDJ7,false,,
MF4FJF,false,,
MHJVCX,false,,
MNQ8VA,false,,
MPA48N,false,,
MURKMD,false,,
MWWLDR,false,,
MXUA5Q,false,,
N3UMSZ,false,,
N4CDG6,false,,
N6BV8D,false,,
NBC44R,false,,
NE2PN6,false,,
NGQ7ZM,false,,
NNJSMM,false,,
NPVCZ8,false,,
NRFGCW,false,,
NT9JSP,false,,
NTPU9E,false,,
NZ6JL3,false,,
P4FM2B,false,,
P8KK85,false,,
P96MVU,false,,
PCWR4Q,false,,
PDRM3U,false,,
PDU5YT,false,,
PFALY3,false,,
PLDX9N,false,,
PNRDBT,false,,
PPKP2C,false,,
PTPWRJ,false,,
PYNQ2H,false,,
PZ5FVG,false,,
PZZZC8,false,,
Q4TTGS,false,,
Q8V9AS,false,,
QBG35S,false,,
QBP4V8,false,,
QGVMDP,false,,
QGYYCE,false,,
QMSN2R,false,,
QNAPMN,false,,
QQD56Y,false,,
QTFDEB,false,,
QVBF3T,false,,
R9VZAP,false,,
RFW5WW,false,,
RGM8ZR,false,,
RMA8EW,false,,
RMBKFF,false,,
RMLC7R,false,,
RUQT3U,false,,
S3H7H7,false,,
S3KKZN,false,,
SARMRZ,false,,
SDJYSY,false,,
SKFYTJ,false,,
SM64DN,false,,
SME7LX,false,,
SPYX6T,false,,
SQE37S,false,,
SS8UVM,false,,
SSKWXA,false,,
STBW9B,false,,
SUEX5N,false,,
SWANVV,false,,
T2GZ94,false,,
T5XKL9,false,,
T9GVW9,false,,
TD3RUC,false,,
TDGM3V,false,,
TGLSXM,false,,
TL4QE7,false,,
TQNPYN,false,,
TVBJH2,false,,
TXJS7X,false,,
TZUHDA,false,,
U6Y3T9,false,,
UEP32K,false,,
UGWBLQ,false,,
UMMNEP,false,,
UR969M,false,,
UT7U76,false,,
UVLGF6,false,,
UWCTLT,false,,
V2DGAQ,false,,
V2S6EK,false,,
VGDDLX,false,,
VIP-22,false,,
VIP-3V,false,,
VIP-4A,false,,
VIP-5Z,false,,
VIP-6F,false,,
VIP-8V,false,,
VIP-CF,false,,
VIP-CZ,false,,
VIP-EP,false,,
VIP-FQ,false,,
VIP-FS,false,,
VIP-L6,false,,
VIP-MB,false,,
VIP-MT,false,,
VIP-QJ,false,,
VIP-SC,false,,
VIP-SM,false,,
VIP-UD,false,,
VIP-VR,false,,
VIP-XP,false,,
VKGEAT,false,,
VQJJ73,false,,
VQTZQD,false,,
VR2BDZ,false,,
VVARSD,false,,
VWV46F,false,,
VZQZ7D,false,,
W3LJS4,false,,
W7CNUM,false,,
W8GC77,false,,
WBTWU5,false,,
WBWTCG,false,,
WEGA9P,false,,
WEPL39,false,,
WGMML8,false,,
WGYNGM,false,,
WL3TWU,false,,
WLVTJC,false,,
WNBCAU,false,,
WPM5ZH,false,,
X2KP3W,false,,
X52YVX,false,,
X7CM83,false,,
X985GP,false,,
XALQ9V,false,,
XBNH74,false,,
XEHSXF,false,,
XFMHS7,false,,
XKHC9S,false,,
XQX662,false,,
XT48NN,false,,
XUHYLH,false,,
XUZ85R,false,,
XWAB3Y,false,,
XXQ6HH,false,,
XYEP9J,false,,
Y33WYF,false,,
Y675UZ,false,,
YCABNT,false,,
YGSJHZ,false,,
YK26HF,false,,
YRLCRF,false,,
YXNA63,false,,
YYP6JR,false,,
YYUVN5,false,,
Z5S65T,false,,
Z7R5P2,false,,
ZDA7F8,false,,
ZDJQTF,false,,
ZDY5SD,false,,
ZEGMFJ,false,,
ZFHP32,false,,
ZPJWAK,false,,
ZPR4P9,false,,
ZUCA65,false,,
ZWBY23,false,,
ZZ7GCT,false,,